id,name,created_at,updated_at,owner,url,commit_url
335835197,kenny_codes,2021-02-04T04:13:27Z,2021-02-05T14:01:12Z,kennytnguyen,https://api.github.com/repos/kennytnguyen/kenny_codes,https://api.github.com/repos/kennytnguyen/kenny_codes/commits
237350005,new_doubleshotblog,2020-01-31T03:01:06Z,2021-02-05T11:24:20Z,kennytnguyen,https://api.github.com/repos/kennytnguyen/new_doubleshotblog,https://api.github.com/repos/kennytnguyen/new_doubleshotblog/commits
72802628,kennyngu.github.io,2016-11-04T01:28:31Z,2018-06-29T16:31:08Z,kennyngu,https://api.github.com/repos/kennyngu/kennyngu.github.io,https://api.github.com/repos/kennyngu/kennyngu.github.io/commits
120537717,rapp,2018-02-06T23:46:28Z,2018-02-06T23:47:37Z,kennytnguyen,https://api.github.com/repos/kennytnguyen/rapp,https://api.github.com/repos/kennytnguyen/rapp/commits
109353911,ITP_303_Final,2017-11-03T04:59:03Z,2017-12-07T13:17:10Z,kennytnguyen,https://api.github.com/repos/kennytnguyen/ITP_303_Final,https://api.github.com/repos/kennytnguyen/ITP_303_Final/commits
107227236,KnowItAll,2017-10-17T06:31:43Z,2017-10-17T06:32:13Z,kennytnguyen,https://api.github.com/repos/kennytnguyen/KnowItAll,https://api.github.com/repos/kennytnguyen/KnowItAll/commits
105961233,TinyFS,2017-10-06T02:41:41Z,2017-10-10T10:08:25Z,kennytnguyen,https://api.github.com/repos/kennytnguyen/TinyFS,https://api.github.com/repos/kennytnguyen/TinyFS/commits
101342262,itp303,2017-08-24T22:21:24Z,2017-08-24T22:21:24Z,kennytnguyen,https://api.github.com/repos/kennytnguyen/itp303,https://api.github.com/repos/kennytnguyen/itp303/commits
82470567,csci485,2017-02-19T15:54:44Z,2017-03-22T04:02:01Z,kennytnguyen,https://api.github.com/repos/kennytnguyen/csci485,https://api.github.com/repos/kennytnguyen/csci485/commits
74507215,Echo,2016-11-22T19:42:57Z,2016-11-22T19:48:25Z,kennytnguyen,https://api.github.com/repos/kennytnguyen/Echo,https://api.github.com/repos/kennytnguyen/Echo/commits
68756599,doubleshotblog,2016-09-20T21:55:00Z,2016-11-06T01:44:03Z,kennytnguyen,https://api.github.com/repos/kennytnguyen/doubleshotblog,https://api.github.com/repos/kennytnguyen/doubleshotblog/commits
69934741,workforcecollege.github.io,2016-10-04T04:36:25Z,2016-10-04T04:39:23Z,workforcecollege,https://api.github.com/repos/workforcecollege/workforcecollege.github.io,https://api.github.com/repos/workforcecollege/workforcecollege.github.io/commits
69088994,kennyngu.github.io,2016-09-24T08:02:36Z,2016-09-24T08:02:43Z,kennytnguyen,https://api.github.com/repos/kennytnguyen/kennyngu.github.io,https://api.github.com/repos/kennytnguyen/kennyngu.github.io/commits
49530408,HelloWorld,2016-01-12T21:35:53Z,2016-01-12T21:38:48Z,kennytnguyen,https://api.github.com/repos/kennytnguyen/HelloWorld,https://api.github.com/repos/kennytnguyen/HelloWorld/commits